{
  "top": 10,
  "loud_failures": 10,
  "silent_failures": 0,
  "median_ensemble_std": 0.13609568901252542,
  "std_threshold": 0.21302771615536184,
  "tanimoto_threshold": 0.551751446723938
}